character_id,character,output_file,prompt
char_u4e00,一,images/characters/char_u4e00_main_v1.webp,"儿童识字APP教学插画，统一现代扁平绘本风格，1024×1024正方形，浅米色纯净背景，主体居中占画面约70%，轮廓清楚，颜色柔和，适合4—7岁儿童，一眼可识别，画面只有一个明确主旨，无文字、无拼音、无数字、无水印、无Logo、无边框、无复杂装饰。
本张图片主题：同一画布中只有1个红苹果；无数字、汉字或手指"
char_u4e8c,二,images/characters/char_u4e8c_main_v1.webp,"儿童识字APP教学插画，统一现代扁平绘本风格，1024×1024正方形，浅米色纯净背景，主体居中占画面约70%，轮廓清楚，颜色柔和，适合4—7岁儿童，一眼可识别，画面只有一个明确主旨，无文字、无拼音、无数字、无水印、无Logo、无边框、无复杂装饰。
本张图片主题：与一和三使用同一苹果画布，只改变数量为2"
char_u4e09,三,images/characters/char_u4e09_main_v1.webp,"儿童识字APP教学插画，统一现代扁平绘本风格，1024×1024正方形，浅米色纯净背景，主体居中占画面约70%，轮廓清楚，颜色柔和，适合4—7岁儿童，一眼可识别，画面只有一个明确主旨，无文字、无拼音、无数字、无水印、无Logo、无边框、无复杂装饰。
本张图片主题：与一和二使用同一苹果画布，只改变数量为3"
char_u4e0a,上,images/characters/char_u4e0a_main_v1.webp,"儿童识字APP教学插画，统一现代扁平绘本风格，1024×1024正方形，浅米色纯净背景，主体居中占画面约70%，轮廓清楚，颜色柔和，适合4—7岁儿童，一眼可识别，画面只有一个明确主旨，无文字、无拼音、无数字、无水印、无Logo、无边框、无复杂装饰。
本张图片主题：球在桌面上；与下使用同一球、桌子、视角、颜色和背景"
char_u4e0b,下,images/characters/char_u4e0b_main_v1.webp,"儿童识字APP教学插画，统一现代扁平绘本风格，1024×1024正方形，浅米色纯净背景，主体居中占画面约70%，轮廓清楚，颜色柔和，适合4—7岁儿童，一眼可识别，画面只有一个明确主旨，无文字、无拼音、无数字、无水印、无Logo、无边框、无复杂装饰。
本张图片主题：球在桌子下面；除位置外与上图片一致"
char_u65e5,日,images/characters/char_u65e5_main_v1.webp,"儿童识字APP教学插画，统一现代扁平绘本风格，1024×1024正方形，浅米色纯净背景，主体居中占画面约70%，轮廓清楚，颜色柔和，适合4—7岁儿童，一眼可识别，画面只有一个明确主旨，无文字、无拼音、无数字、无水印、无Logo、无边框、无复杂装饰。
本张图片主题：清楚太阳或日出；无月亮、星星或文字"
char_u6708,月,images/characters/char_u6708_main_v1.webp,"儿童识字APP教学插画，统一现代扁平绘本风格，1024×1024正方形，浅米色纯净背景，主体居中占画面约70%，轮廓清楚，颜色柔和，适合4—7岁儿童，一眼可识别，画面只有一个明确主旨，无文字、无拼音、无数字、无水印、无Logo、无边框、无复杂装饰。
本张图片主题：月亮为唯一主旨；无太阳"
char_u6c34,水,images/characters/char_u6c34_main_v1.webp,"儿童识字APP教学插画，统一现代扁平绘本风格，1024×1024正方形，浅米色纯净背景，主体居中占画面约70%，轮廓清楚，颜色柔和，适合4—7岁儿童，一眼可识别，画面只有一个明确主旨，无文字、无拼音、无数字、无水印、无Logo、无边框、无复杂装饰。
本张图片主题：透明水倒入透明杯；主选项图无鱼"
char_u706b,火,images/characters/char_u706b_main_v1.webp,"儿童识字APP教学插画，统一现代扁平绘本风格，1024×1024正方形，浅米色纯净背景，主体居中占画面约70%，轮廓清楚，颜色柔和，适合4—7岁儿童，一眼可识别，画面只有一个明确主旨，无文字、无拼音、无数字、无水印、无Logo、无边框、无复杂装饰。
本张图片主题：单一可控小火苗；无火灾、爆炸或惊吓场景"
char_u6728,木,images/characters/char_u6728_main_v1.webp,"儿童识字APP教学插画，统一现代扁平绘本风格，1024×1024正方形，浅米色纯净背景，主体居中占画面约70%，轮廓清楚，颜色柔和，适合4—7岁儿童，一眼可识别，画面只有一个明确主旨，无文字、无拼音、无数字、无水印、无Logo、无边框、无复杂装饰。
本张图片主题：一棵主体清楚的树或一块木头；无杂乱森林"
char_u5929,天,images/characters/char_u5929_main_v1.webp,"儿童识字APP教学插画，统一现代扁平绘本风格，1024×1024正方形，浅米色纯净背景，主体居中占画面约70%，轮廓清楚，颜色柔和，适合4—7岁儿童，一眼可识别，画面只有一个明确主旨，无文字、无拼音、无数字、无水印、无Logo、无边框、无复杂装饰。
本张图片主题：清澈蓝天和简单地平线；无突出云、雨或太阳"
char_u4e91,云,images/characters/char_u4e91_main_v1.webp,"儿童识字APP教学插画，统一现代扁平绘本风格，1024×1024正方形，浅米色纯净背景，主体居中占画面约70%，轮廓清楚，颜色柔和，适合4—7岁儿童，一眼可识别，画面只有一个明确主旨，无文字、无拼音、无数字、无水印、无Logo、无边框、无复杂装饰。
本张图片主题：一朵轮廓清楚的云；无雨滴"
char_u96e8,雨,images/characters/char_u96e8_main_v1.webp,"儿童识字APP教学插画，统一现代扁平绘本风格，1024×1024正方形，浅米色纯净背景，主体居中占画面约70%，轮廓清楚，颜色柔和，适合4—7岁儿童，一眼可识别，画面只有一个明确主旨，无文字、无拼音、无数字、无水印、无Logo、无边框、无复杂装饰。
本张图片主题：雨滴和雨伞；不与雪或冰雹混淆"
char_u98ce,风,images/characters/char_u98ce_main_v1.webp,"儿童识字APP教学插画，统一现代扁平绘本风格，1024×1024正方形，浅米色纯净背景，主体居中占画面约70%，轮廓清楚，颜色柔和，适合4—7岁儿童，一眼可识别，画面只有一个明确主旨，无文字、无拼音、无数字、无水印、无Logo、无边框、无复杂装饰。
本张图片主题：风车与同方向飘动叶子；风车不成为唯一答案"
char_u7530,田,images/characters/char_u7530_main_v1.webp,"儿童识字APP教学插画，统一现代扁平绘本风格，1024×1024正方形，浅米色纯净背景，主体居中占画面约70%，轮廓清楚，颜色柔和，适合4—7岁儿童，一眼可识别，画面只有一个明确主旨，无文字、无拼音、无数字、无水印、无Logo、无边框、无复杂装饰。
本张图片主题：有清楚田埂分区的田地；不用普通草坪代替"
char_u624b,手,images/characters/char_u624b_main_v1.webp,"儿童识字APP教学插画，统一现代扁平绘本风格，1024×1024正方形，浅米色纯净背景，主体居中占画面约70%，轮廓清楚，颜色柔和，适合4—7岁儿童，一眼可识别，画面只有一个明确主旨，无文字、无拼音、无数字、无水印、无Logo、无边框、无复杂装饰。
本张图片主题：张开的手掌，完整显示五指；不只显示手臂"
char_u5934,头,images/characters/char_u5934_main_v1.webp,"儿童识字APP教学插画，统一现代扁平绘本风格，1024×1024正方形，浅米色纯净背景，主体居中占画面约70%，轮廓清楚，颜色柔和，适合4—7岁儿童，一眼可识别，画面只有一个明确主旨，无文字、无拼音、无数字、无水印、无Logo、无边框、无复杂装饰。
本张图片主题：儿童头部或头部轮廓；不作眼耳牙干扰图"
char_u8033,耳,images/characters/char_u8033_main_v1.webp,"儿童识字APP教学插画，统一现代扁平绘本风格，1024×1024正方形，浅米色纯净背景，主体居中占画面约70%，轮廓清楚，颜色柔和，适合4—7岁儿童，一眼可识别，画面只有一个明确主旨，无文字、无拼音、无数字、无水印、无Logo、无边框、无复杂装饰。
本张图片主题：单独清楚耳朵近景；不同时突出眼睛或嘴"
char_u773c,眼,images/characters/char_u773c_main_v1.webp,"儿童识字APP教学插画，统一现代扁平绘本风格，1024×1024正方形，浅米色纯净背景，主体居中占画面约70%，轮廓清楚，颜色柔和，适合4—7岁儿童，一眼可识别，画面只有一个明确主旨，无文字、无拼音、无数字、无水印、无Logo、无边框、无复杂装饰。
本张图片主题：两只自然睁开的眼睛；不用眼镜代替"
char_u7259,牙,images/characters/char_u7259_main_v1.webp,"儿童识字APP教学插画，统一现代扁平绘本风格，1024×1024正方形，浅米色纯净背景，主体居中占画面约70%，轮廓清楚，颜色柔和，适合4—7岁儿童，一眼可识别，画面只有一个明确主旨，无文字、无拼音、无数字、无水印、无Logo、无边框、无复杂装饰。
本张图片主题：清楚牙齿或牙齿与牙刷；整张嘴不是唯一主旨"
char_u725b,牛,images/characters/char_u725b_main_v1.webp,"儿童识字APP教学插画，统一现代扁平绘本风格，1024×1024正方形，浅米色纯净背景，主体居中占画面约70%，轮廓清楚，颜色柔和，适合4—7岁儿童，一眼可识别，画面只有一个明确主旨，无文字、无拼音、无数字、无水印、无Logo、无边框、无复杂装饰。
本张图片主题：完整站立黄牛，侧前方；无羊马奶盒品牌或复杂农场"
char_u7f8a,羊,images/characters/char_u7f8a_main_v1.webp,"儿童识字APP教学插画，统一现代扁平绘本风格，1024×1024正方形，浅米色纯净背景，主体居中占画面约70%，轮廓清楚，颜色柔和，适合4—7岁儿童，一眼可识别，画面只有一个明确主旨，无文字、无拼音、无数字、无水印、无Logo、无边框、无复杂装饰。
本张图片主题：完整羊，轮廓清楚；不与牛共用母版"
char_u9e1f,鸟,images/characters/char_u9e1f_main_v1.webp,"儿童识字APP教学插画，统一现代扁平绘本风格，1024×1024正方形，浅米色纯净背景，主体居中占画面约70%，轮廓清楚，颜色柔和，适合4—7岁儿童，一眼可识别，画面只有一个明确主旨，无文字、无拼音、无数字、无水印、无Logo、无边框、无复杂装饰。
本张图片主题：单只完整小鸟；纯净背景避免树木成答案"
char_u9c7c,鱼,images/characters/char_u9c7c_main_v1.webp,"儿童识字APP教学插画，统一现代扁平绘本风格，1024×1024正方形，浅米色纯净背景，主体居中占画面约70%，轮廓清楚，颜色柔和，适合4—7岁儿童，一眼可识别，画面只有一个明确主旨，无文字、无拼音、无数字、无水印、无Logo、无边框、无复杂装饰。
本张图片主题：单条完整鱼；弱化水背景避免水成答案"
char_u9a6c,马,images/characters/char_u9a6c_main_v1.webp,"儿童识字APP教学插画，统一现代扁平绘本风格，1024×1024正方形，浅米色纯净背景，主体居中占画面约70%，轮廓清楚，颜色柔和，适合4—7岁儿童，一眼可识别，画面只有一个明确主旨，无文字、无拼音、无数字、无水印、无Logo、无边框、无复杂装饰。
本张图片主题：完整自然姿态马；无斑马驴或玩具木马"
