character_id,text_status,image_status,audio_status,parent_status,reviewer,notes
char_u4e2d,DRAFT,DRAFT,DRAFT,DRAFT,,等待儿童内容、媒体和家长审核
char_u53f3,DRAFT,DRAFT,DRAFT,DRAFT,,等待儿童内容、媒体和家长审核
char_u5de6,DRAFT,DRAFT,DRAFT,DRAFT,,等待儿童内容、媒体和家长审核
char_u524d,DRAFT,DRAFT,DRAFT,DRAFT,,等待儿童内容、媒体和家长审核
char_u540e,DRAFT,DRAFT,DRAFT,DRAFT,,等待儿童内容、媒体和家长审核
char_u91cc,DRAFT,DRAFT,DRAFT,DRAFT,,等待儿童内容、媒体和家长审核
char_u5916,DRAFT,DRAFT,DRAFT,DRAFT,,等待儿童内容、媒体和家长审核
char_u591a,DRAFT,DRAFT,DRAFT,DRAFT,,等待儿童内容、媒体和家长审核
char_u5c11,DRAFT,DRAFT,DRAFT,DRAFT,,等待儿童内容、媒体和家长审核
char_u957f,DRAFT,DRAFT,DRAFT,DRAFT,,等待儿童内容、媒体和家长审核
char_u77ed,DRAFT,DRAFT,DRAFT,DRAFT,,等待儿童内容、媒体和家长审核
char_u9ad8,DRAFT,DRAFT,DRAFT,DRAFT,,等待儿童内容、媒体和家长审核
char_u4f4e,DRAFT,DRAFT,DRAFT,DRAFT,,等待儿童内容、媒体和家长审核
char_u5feb,DRAFT,DRAFT,DRAFT,DRAFT,,等待儿童内容、媒体和家长审核
char_u6162,DRAFT,DRAFT,DRAFT,DRAFT,,等待儿童内容、媒体和家长审核
char_u767d,DRAFT,DRAFT,DRAFT,DRAFT,,等待儿童内容、媒体和家长审核
char_u7ea2,DRAFT,DRAFT,DRAFT,DRAFT,,等待儿童内容、媒体和家长审核
char_u9ec4,DRAFT,DRAFT,DRAFT,DRAFT,,等待儿童内容、媒体和家长审核
char_u7eff,DRAFT,DRAFT,DRAFT,DRAFT,,等待儿童内容、媒体和家长审核
char_u9ed1,DRAFT,DRAFT,DRAFT,DRAFT,,等待儿童内容、媒体和家长审核
char_u661f,DRAFT,DRAFT,DRAFT,DRAFT,,等待儿童内容、媒体和家长审核
char_u5149,DRAFT,DRAFT,DRAFT,DRAFT,,等待儿童内容、媒体和家长审核
char_u5730,DRAFT,DRAFT,DRAFT,DRAFT,,等待儿童内容、媒体和家长审核
char_u571f,DRAFT,DRAFT,DRAFT,DRAFT,,等待儿童内容、媒体和家长审核
char_u77f3,DRAFT,DRAFT,DRAFT,DRAFT,,等待儿童内容、媒体和家长审核
char_u7530,DRAFT,DRAFT,DRAFT,DRAFT,,等待儿童内容、媒体和家长审核
char_u8349,DRAFT,DRAFT,DRAFT,DRAFT,,等待儿童内容、媒体和家长审核
char_u6811,DRAFT,DRAFT,DRAFT,DRAFT,,等待儿童内容、媒体和家长审核
char_u679c,DRAFT,DRAFT,DRAFT,DRAFT,,等待儿童内容、媒体和家长审核
char_u6625,DRAFT,DRAFT,DRAFT,DRAFT,,等待儿童内容、媒体和家长审核
char_u590f,DRAFT,DRAFT,DRAFT,DRAFT,,等待儿童内容、媒体和家长审核
char_u79cb,DRAFT,DRAFT,DRAFT,DRAFT,,等待儿童内容、媒体和家长审核
char_u51ac,DRAFT,DRAFT,DRAFT,DRAFT,,等待儿童内容、媒体和家长审核
char_u65e9,DRAFT,DRAFT,DRAFT,DRAFT,,等待儿童内容、媒体和家长审核
char_u665a,DRAFT,DRAFT,DRAFT,DRAFT,,等待儿童内容、媒体和家长审核
char_u5148,DRAFT,DRAFT,DRAFT,DRAFT,,等待儿童内容、媒体和家长审核
char_u65b0,DRAFT,DRAFT,DRAFT,DRAFT,,等待儿童内容、媒体和家长审核
char_u8001,DRAFT,DRAFT,DRAFT,DRAFT,,等待儿童内容、媒体和家长审核
char_u597d,DRAFT,DRAFT,DRAFT,DRAFT,,等待儿童内容、媒体和家长审核
char_u6709,DRAFT,DRAFT,DRAFT,DRAFT,,等待儿童内容、媒体和家长审核
char_u65e0,DRAFT,DRAFT,DRAFT,DRAFT,,等待儿童内容、媒体和家长审核
char_u662f,DRAFT,DRAFT,DRAFT,DRAFT,,等待儿童内容、媒体和家长审核
char_u4e0d,DRAFT,DRAFT,DRAFT,DRAFT,,等待儿童内容、媒体和家长审核
char_u4f1a,DRAFT,DRAFT,DRAFT,DRAFT,,等待儿童内容、媒体和家长审核
char_u89c1,DRAFT,DRAFT,DRAFT,DRAFT,,等待儿童内容、媒体和家长审核
char_u8bf4,DRAFT,DRAFT,DRAFT,DRAFT,,等待儿童内容、媒体和家长审核
char_u8bdd,DRAFT,DRAFT,DRAFT,DRAFT,,等待儿童内容、媒体和家长审核
char_u559d,DRAFT,DRAFT,DRAFT,DRAFT,,等待儿童内容、媒体和家长审核
char_u7f8e,DRAFT,DRAFT,DRAFT,DRAFT,,等待儿童内容、媒体和家长审核
char_u7b11,DRAFT,DRAFT,DRAFT,DRAFT,,等待儿童内容、媒体和家长审核
char_u6211,DRAFT,DRAFT,DRAFT,DRAFT,,等待儿童内容、媒体和家长审核
char_u4f60,DRAFT,DRAFT,DRAFT,DRAFT,,等待儿童内容、媒体和家长审核
char_u4ed6,DRAFT,DRAFT,DRAFT,DRAFT,,等待儿童内容、媒体和家长审核
char_u5979,DRAFT,DRAFT,DRAFT,DRAFT,,等待儿童内容、媒体和家长审核
char_u5b83,DRAFT,DRAFT,DRAFT,DRAFT,,等待儿童内容、媒体和家长审核
char_u7231,DRAFT,DRAFT,DRAFT,DRAFT,,等待儿童内容、媒体和家长审核
char_u53cb,DRAFT,DRAFT,DRAFT,DRAFT,,等待儿童内容、媒体和家长审核
char_u540c,DRAFT,DRAFT,DRAFT,DRAFT,,等待儿童内容、媒体和家长审核
char_u5b66,DRAFT,DRAFT,DRAFT,DRAFT,,等待儿童内容、媒体和家长审核
char_u6821,DRAFT,DRAFT,DRAFT,DRAFT,,等待儿童内容、媒体和家长审核
char_u5e08,DRAFT,DRAFT,DRAFT,DRAFT,,等待儿童内容、媒体和家长审核
char_u751f,DRAFT,DRAFT,DRAFT,DRAFT,,等待儿童内容、媒体和家长审核
char_u5b57,DRAFT,DRAFT,DRAFT,DRAFT,,等待儿童内容、媒体和家长审核
char_u6587,DRAFT,DRAFT,DRAFT,DRAFT,,等待儿童内容、媒体和家长审核
char_u753b,DRAFT,DRAFT,DRAFT,DRAFT,,等待儿童内容、媒体和家长审核
char_u8bfb,DRAFT,DRAFT,DRAFT,DRAFT,,等待儿童内容、媒体和家长审核
char_u5199,DRAFT,DRAFT,DRAFT,DRAFT,,等待儿童内容、媒体和家长审核
char_u8ba4,DRAFT,DRAFT,DRAFT,DRAFT,,等待儿童内容、媒体和家长审核
char_u77e5,DRAFT,DRAFT,DRAFT,DRAFT,,等待儿童内容、媒体和家长审核
char_u60f3,DRAFT,DRAFT,DRAFT,DRAFT,,等待儿童内容、媒体和家长审核
char_u8981,DRAFT,DRAFT,DRAFT,DRAFT,,等待儿童内容、媒体和家长审核
char_u7ed9,DRAFT,DRAFT,DRAFT,DRAFT,,等待儿童内容、媒体和家长审核
char_u548c,DRAFT,DRAFT,DRAFT,DRAFT,,等待儿童内容、媒体和家长审核
char_u5728,DRAFT,DRAFT,DRAFT,DRAFT,,等待儿童内容、媒体和家长审核
char_u8fd9,DRAFT,DRAFT,DRAFT,DRAFT,,等待儿童内容、媒体和家长审核
char_u90a3,DRAFT,DRAFT,DRAFT,DRAFT,,等待儿童内容、媒体和家长审核
char_u54ea,DRAFT,DRAFT,DRAFT,DRAFT,,等待儿童内容、媒体和家长审核
char_u8c01,DRAFT,DRAFT,DRAFT,DRAFT,,等待儿童内容、媒体和家长审核
char_u4ec0,DRAFT,DRAFT,DRAFT,DRAFT,,等待儿童内容、媒体和家长审核
char_u4e48,DRAFT,DRAFT,DRAFT,DRAFT,,等待儿童内容、媒体和家长审核
char_u4e00,DRAFT,DRAFT,DRAFT,DRAFT,,等待儿童内容、媒体和家长审核
char_u4e8c,DRAFT,DRAFT,DRAFT,DRAFT,,等待儿童内容、媒体和家长审核
char_u4e09,DRAFT,DRAFT,DRAFT,DRAFT,,等待儿童内容、媒体和家长审核
char_u56db,DRAFT,DRAFT,DRAFT,DRAFT,,等待儿童内容、媒体和家长审核
char_u4e94,DRAFT,DRAFT,DRAFT,DRAFT,,等待儿童内容、媒体和家长审核
char_u516d,DRAFT,DRAFT,DRAFT,DRAFT,,等待儿童内容、媒体和家长审核
char_u4e03,DRAFT,DRAFT,DRAFT,DRAFT,,等待儿童内容、媒体和家长审核
char_u516b,DRAFT,DRAFT,DRAFT,DRAFT,,等待儿童内容、媒体和家长审核
char_u4e5d,DRAFT,DRAFT,DRAFT,DRAFT,,等待儿童内容、媒体和家长审核
char_u5341,DRAFT,DRAFT,DRAFT,DRAFT,,等待儿童内容、媒体和家长审核
char_u767e,DRAFT,DRAFT,DRAFT,DRAFT,,等待儿童内容、媒体和家长审核
char_u5343,DRAFT,DRAFT,DRAFT,DRAFT,,等待儿童内容、媒体和家长审核
char_u4e2a,DRAFT,DRAFT,DRAFT,DRAFT,,等待儿童内容、媒体和家长审核
char_u53ea,DRAFT,DRAFT,DRAFT,DRAFT,,等待儿童内容、媒体和家长审核
char_u672c,DRAFT,DRAFT,DRAFT,DRAFT,,等待儿童内容、媒体和家长审核
char_u5f20,DRAFT,DRAFT,DRAFT,DRAFT,,等待儿童内容、媒体和家长审核
char_u4ef6,DRAFT,DRAFT,DRAFT,DRAFT,,等待儿童内容、媒体和家长审核
char_u6761,DRAFT,DRAFT,DRAFT,DRAFT,,等待儿童内容、媒体和家长审核
char_u4e9b,DRAFT,DRAFT,DRAFT,DRAFT,,等待儿童内容、媒体和家长审核
char_u6bcf,DRAFT,DRAFT,DRAFT,DRAFT,,等待儿童内容、媒体和家长审核
char_u90fd,DRAFT,DRAFT,DRAFT,DRAFT,,等待儿童内容、媒体和家长审核
char_u4e5f,DRAFT,DRAFT,DRAFT,DRAFT,,等待儿童内容、媒体和家长审核
char_u8fd8,DRAFT,DRAFT,DRAFT,DRAFT,,等待儿童内容、媒体和家长审核
char_u53c8,DRAFT,DRAFT,DRAFT,DRAFT,,等待儿童内容、媒体和家长审核
char_u518d,DRAFT,DRAFT,DRAFT,DRAFT,,等待儿童内容、媒体和家长审核
char_u5f88,DRAFT,DRAFT,DRAFT,DRAFT,,等待儿童内容、媒体和家长审核
char_u6700,DRAFT,DRAFT,DRAFT,DRAFT,,等待儿童内容、媒体和家长审核
char_u771f,DRAFT,DRAFT,DRAFT,DRAFT,,等待儿童内容、媒体和家长审核
char_u592a,DRAFT,DRAFT,DRAFT,DRAFT,,等待儿童内容、媒体和家长审核
char_u4eca,DRAFT,DRAFT,DRAFT,DRAFT,,等待儿童内容、媒体和家长审核
char_u660e,DRAFT,DRAFT,DRAFT,DRAFT,,等待儿童内容、媒体和家长审核
char_u5e74,DRAFT,DRAFT,DRAFT,DRAFT,,等待儿童内容、媒体和家长审核
char_u65f6,DRAFT,DRAFT,DRAFT,DRAFT,,等待儿童内容、媒体和家长审核
char_u5206,DRAFT,DRAFT,DRAFT,DRAFT,,等待儿童内容、媒体和家长审核
char_u79d2,DRAFT,DRAFT,DRAFT,DRAFT,,等待儿童内容、媒体和家长审核
char_u5468,DRAFT,DRAFT,DRAFT,DRAFT,,等待儿童内容、媒体和家长审核
char_u5c81,DRAFT,DRAFT,DRAFT,DRAFT,,等待儿童内容、媒体和家长审核
char_u70b9,DRAFT,DRAFT,DRAFT,DRAFT,,等待儿童内容、媒体和家长审核
char_u6b21,DRAFT,DRAFT,DRAFT,DRAFT,,等待儿童内容、媒体和家长审核
char_u8fb9,DRAFT,DRAFT,DRAFT,DRAFT,,等待儿童内容、媒体和家长审核
char_u65b9,DRAFT,DRAFT,DRAFT,DRAFT,,等待儿童内容、媒体和家长审核
char_u5411,DRAFT,DRAFT,DRAFT,DRAFT,,等待儿童内容、媒体和家长审核
char_u5185,DRAFT,DRAFT,DRAFT,DRAFT,,等待儿童内容、媒体和家长审核
char_u5973,DRAFT,DRAFT,DRAFT,DRAFT,,等待儿童内容、媒体和家长审核
char_u989c,DRAFT,DRAFT,DRAFT,DRAFT,,等待儿童内容、媒体和家长审核
char_u8272,DRAFT,DRAFT,DRAFT,DRAFT,,等待儿童内容、媒体和家长审核
char_u5f62,DRAFT,DRAFT,DRAFT,DRAFT,,等待儿童内容、媒体和家长审核
char_u72b6,DRAFT,DRAFT,DRAFT,DRAFT,,等待儿童内容、媒体和家长审核
char_u5706,DRAFT,DRAFT,DRAFT,DRAFT,,等待儿童内容、媒体和家长审核
char_u8f7b,DRAFT,DRAFT,DRAFT,DRAFT,,等待儿童内容、媒体和家长审核
char_u91cd,DRAFT,DRAFT,DRAFT,DRAFT,,等待儿童内容、媒体和家长审核
char_u51b7,DRAFT,DRAFT,DRAFT,DRAFT,,等待儿童内容、媒体和家长审核
char_u70ed,DRAFT,DRAFT,DRAFT,DRAFT,,等待儿童内容、媒体和家长审核
char_u9999,DRAFT,DRAFT,DRAFT,DRAFT,,等待儿童内容、媒体和家长审核
char_u751c,DRAFT,DRAFT,DRAFT,DRAFT,,等待儿童内容、媒体和家长审核
char_u82e6,DRAFT,DRAFT,DRAFT,DRAFT,,等待儿童内容、媒体和家长审核
char_u9178,DRAFT,DRAFT,DRAFT,DRAFT,,等待儿童内容、媒体和家长审核
char_u8f6f,DRAFT,DRAFT,DRAFT,DRAFT,,等待儿童内容、媒体和家长审核
char_u786c,DRAFT,DRAFT,DRAFT,DRAFT,,等待儿童内容、媒体和家长审核
char_u5e72,DRAFT,DRAFT,DRAFT,DRAFT,,等待儿童内容、媒体和家长审核
char_u6e7f,DRAFT,DRAFT,DRAFT,DRAFT,,等待儿童内容、媒体和家长审核
char_u58f0,DRAFT,DRAFT,DRAFT,DRAFT,,等待儿童内容、媒体和家长审核
char_u97f3,DRAFT,DRAFT,DRAFT,DRAFT,,等待儿童内容、媒体和家长审核
char_u6b4c,DRAFT,DRAFT,DRAFT,DRAFT,,等待儿童内容、媒体和家长审核
char_u821e,DRAFT,DRAFT,DRAFT,DRAFT,,等待儿童内容、媒体和家长审核
char_u4e50,DRAFT,DRAFT,DRAFT,DRAFT,,等待儿童内容、媒体和家长审核
char_u7403,DRAFT,DRAFT,DRAFT,DRAFT,,等待儿童内容、媒体和家长审核
char_u68d2,DRAFT,DRAFT,DRAFT,DRAFT,,等待儿童内容、媒体和家长审核
char_u7ef3,DRAFT,DRAFT,DRAFT,DRAFT,,等待儿童内容、媒体和家长审核
char_u8239,DRAFT,DRAFT,DRAFT,DRAFT,,等待儿童内容、媒体和家长审核
char_u98de,DRAFT,DRAFT,DRAFT,DRAFT,,等待儿童内容、媒体和家长审核
char_u673a,DRAFT,DRAFT,DRAFT,DRAFT,,等待儿童内容、媒体和家长审核
char_u8def,DRAFT,DRAFT,DRAFT,DRAFT,,等待儿童内容、媒体和家长审核
char_u6865,DRAFT,DRAFT,DRAFT,DRAFT,,等待儿童内容、媒体和家长审核
char_u7a97,DRAFT,DRAFT,DRAFT,DRAFT,,等待儿童内容、媒体和家长审核
char_u623f,DRAFT,DRAFT,DRAFT,DRAFT,,等待儿童内容、媒体和家长审核
char_u5c4b,DRAFT,DRAFT,DRAFT,DRAFT,,等待儿童内容、媒体和家长审核
char_u6905,DRAFT,DRAFT,DRAFT,DRAFT,,等待儿童内容、媒体和家长审核
char_u88ab,DRAFT,DRAFT,DRAFT,DRAFT,,等待儿童内容、媒体和家长审核
char_u5e3d,DRAFT,DRAFT,DRAFT,DRAFT,,等待儿童内容、媒体和家长审核
char_u978b,DRAFT,DRAFT,DRAFT,DRAFT,,等待儿童内容、媒体和家长审核
char_u889c,DRAFT,DRAFT,DRAFT,DRAFT,,等待儿童内容、媒体和家长审核
char_u5305,DRAFT,DRAFT,DRAFT,DRAFT,,等待儿童内容、媒体和家长审核
char_u4f1e,DRAFT,DRAFT,DRAFT,DRAFT,,等待儿童内容、媒体和家长审核
char_u949f,DRAFT,DRAFT,DRAFT,DRAFT,,等待儿童内容、媒体和家长审核
char_u5200,DRAFT,DRAFT,DRAFT,DRAFT,,等待儿童内容、媒体和家长审核
char_u52fa,DRAFT,DRAFT,DRAFT,DRAFT,,等待儿童内容、媒体和家长审核
char_u7897,DRAFT,DRAFT,DRAFT,DRAFT,,等待儿童内容、媒体和家长审核
char_u76d8,DRAFT,DRAFT,DRAFT,DRAFT,,等待儿童内容、媒体和家长审核
char_u7b77,DRAFT,DRAFT,DRAFT,DRAFT,,等待儿童内容、媒体和家长审核
char_u8336,DRAFT,DRAFT,DRAFT,DRAFT,,等待儿童内容、媒体和家长审核
char_u5976,DRAFT,DRAFT,DRAFT,DRAFT,,等待儿童内容、媒体和家长审核
char_u83dc,DRAFT,DRAFT,DRAFT,DRAFT,,等待儿童内容、媒体和家长审核
char_u8089,DRAFT,DRAFT,DRAFT,DRAFT,,等待儿童内容、媒体和家长审核
char_u86cb,DRAFT,DRAFT,DRAFT,DRAFT,,等待儿童内容、媒体和家长审核
char_u732a,DRAFT,DRAFT,DRAFT,DRAFT,,等待儿童内容、媒体和家长审核
char_u9e21,DRAFT,DRAFT,DRAFT,DRAFT,,等待儿童内容、媒体和家长审核
char_u9e2d,DRAFT,DRAFT,DRAFT,DRAFT,,等待儿童内容、媒体和家长审核
char_u9e45,DRAFT,DRAFT,DRAFT,DRAFT,,等待儿童内容、媒体和家长审核
char_u718a,DRAFT,DRAFT,DRAFT,DRAFT,,等待儿童内容、媒体和家长审核
char_u864e,DRAFT,DRAFT,DRAFT,DRAFT,,等待儿童内容、媒体和家长审核
char_u72ee,DRAFT,DRAFT,DRAFT,DRAFT,,等待儿童内容、媒体和家长审核
char_u8c61,DRAFT,DRAFT,DRAFT,DRAFT,,等待儿童内容、媒体和家长审核
char_u7334,DRAFT,DRAFT,DRAFT,DRAFT,,等待儿童内容、媒体和家长审核
char_u9e7f,DRAFT,DRAFT,DRAFT,DRAFT,,等待儿童内容、媒体和家长审核
char_u9f20,DRAFT,DRAFT,DRAFT,DRAFT,,等待儿童内容、媒体和家长审核
char_u7259,DRAFT,DRAFT,DRAFT,DRAFT,,等待儿童内容、媒体和家长审核
char_u8033,DRAFT,DRAFT,DRAFT,DRAFT,,等待儿童内容、媒体和家长审核
char_u773c,DRAFT,DRAFT,DRAFT,DRAFT,,等待儿童内容、媒体和家长审核
char_u9f3b,DRAFT,DRAFT,DRAFT,DRAFT,,等待儿童内容、媒体和家长审核
char_u8138,DRAFT,DRAFT,DRAFT,DRAFT,,等待儿童内容、媒体和家长审核
char_u811a,DRAFT,DRAFT,DRAFT,DRAFT,,等待儿童内容、媒体和家长审核
char_u5fc3,DRAFT,DRAFT,DRAFT,DRAFT,,等待儿童内容、媒体和家长审核
char_u8eab,DRAFT,DRAFT,DRAFT,DRAFT,,等待儿童内容、媒体和家长审核
char_u529b,DRAFT,DRAFT,DRAFT,DRAFT,,等待儿童内容、媒体和家长审核
char_u6c14,DRAFT,DRAFT,DRAFT,DRAFT,,等待儿童内容、媒体和家长审核
char_u6bdb,DRAFT,DRAFT,DRAFT,DRAFT,,等待儿童内容、媒体和家长审核
char_u76ae,DRAFT,DRAFT,DRAFT,DRAFT,,等待儿童内容、媒体和家长审核
char_u9aa8,DRAFT,DRAFT,DRAFT,DRAFT,,等待儿童内容、媒体和家长审核
char_u7a7f,DRAFT,DRAFT,DRAFT,DRAFT,,等待儿童内容、媒体和家长审核
char_u7ad9,DRAFT,DRAFT,DRAFT,DRAFT,,等待儿童内容、媒体和家长审核
char_u5750,DRAFT,DRAFT,DRAFT,DRAFT,,等待儿童内容、媒体和家长审核
char_u54ed,DRAFT,DRAFT,DRAFT,DRAFT,,等待儿童内容、媒体和家长审核
char_u4f4f,DRAFT,DRAFT,DRAFT,DRAFT,,等待儿童内容、媒体和家长审核
char_u73a9,DRAFT,DRAFT,DRAFT,DRAFT,,等待儿童内容、媒体和家长审核
char_u505a,DRAFT,DRAFT,DRAFT,DRAFT,,等待儿童内容、媒体和家长审核
char_u7528,DRAFT,DRAFT,DRAFT,DRAFT,,等待儿童内容、媒体和家长审核
char_u627e,DRAFT,DRAFT,DRAFT,DRAFT,,等待儿童内容、媒体和家长审核
char_u62ff,DRAFT,DRAFT,DRAFT,DRAFT,,等待儿童内容、媒体和家长审核
char_u653e,DRAFT,DRAFT,DRAFT,DRAFT,,等待儿童内容、媒体和家长审核
char_u6545,DRAFT,DRAFT,DRAFT,DRAFT,,等待儿童内容、媒体和家长审核
char_u4e8b,DRAFT,DRAFT,DRAFT,DRAFT,,等待儿童内容、媒体和家长审核
char_u670b,DRAFT,DRAFT,DRAFT,DRAFT,,等待儿童内容、媒体和家长审核
char_u54e5,DRAFT,DRAFT,DRAFT,DRAFT,,等待儿童内容、媒体和家长审核
char_u59d0,DRAFT,DRAFT,DRAFT,DRAFT,,等待儿童内容、媒体和家长审核
char_u5f1f,DRAFT,DRAFT,DRAFT,DRAFT,,等待儿童内容、媒体和家长审核
char_u59b9,DRAFT,DRAFT,DRAFT,DRAFT,,等待儿童内容、媒体和家长审核
char_u5b9d,DRAFT,DRAFT,DRAFT,DRAFT,,等待儿童内容、媒体和家长审核
char_u5b69,DRAFT,DRAFT,DRAFT,DRAFT,,等待儿童内容、媒体和家长审核
char_u5b50,DRAFT,DRAFT,DRAFT,DRAFT,,等待儿童内容、媒体和家长审核
char_u533b,DRAFT,DRAFT,DRAFT,DRAFT,,等待儿童内容、媒体和家长审核
char_u62a4,DRAFT,DRAFT,DRAFT,DRAFT,,等待儿童内容、媒体和家长审核
char_u58eb,DRAFT,DRAFT,DRAFT,DRAFT,,等待儿童内容、媒体和家长审核
char_u8b66,DRAFT,DRAFT,DRAFT,DRAFT,,等待儿童内容、媒体和家长审核
char_u5bdf,DRAFT,DRAFT,DRAFT,DRAFT,,等待儿童内容、媒体和家长审核
char_u519c,DRAFT,DRAFT,DRAFT,DRAFT,,等待儿童内容、媒体和家长审核
char_u6c11,DRAFT,DRAFT,DRAFT,DRAFT,,等待儿童内容、媒体和家长审核
char_u5de5,DRAFT,DRAFT,DRAFT,DRAFT,,等待儿童内容、媒体和家长审核
char_u8c22,DRAFT,DRAFT,DRAFT,DRAFT,,等待儿童内容、媒体和家长审核
char_u8bf7,DRAFT,DRAFT,DRAFT,DRAFT,,等待儿童内容、媒体和家长审核
char_u95ee,DRAFT,DRAFT,DRAFT,DRAFT,,等待儿童内容、媒体和家长审核
char_u5bf9,DRAFT,DRAFT,DRAFT,DRAFT,,等待儿童内容、媒体和家长审核
char_u8d77,DRAFT,DRAFT,DRAFT,DRAFT,,等待儿童内容、媒体和家长审核
char_u6b22,DRAFT,DRAFT,DRAFT,DRAFT,,等待儿童内容、媒体和家长审核
char_u8fce,DRAFT,DRAFT,DRAFT,DRAFT,,等待儿童内容、媒体和家长审核
char_u5b89,DRAFT,DRAFT,DRAFT,DRAFT,,等待儿童内容、媒体和家长审核
char_u5168,DRAFT,DRAFT,DRAFT,DRAFT,,等待儿童内容、媒体和家长审核
char_u5e2e,DRAFT,DRAFT,DRAFT,DRAFT,,等待儿童内容、媒体和家长审核
char_u52a9,DRAFT,DRAFT,DRAFT,DRAFT,,等待儿童内容、媒体和家长审核
char_u559c,DRAFT,DRAFT,DRAFT,DRAFT,,等待儿童内容、媒体和家长审核
char_u6e38,DRAFT,DRAFT,DRAFT,DRAFT,,等待儿童内容、媒体和家长审核
char_u620f,DRAFT,DRAFT,DRAFT,DRAFT,,等待儿童内容、媒体和家长审核
char_u793c,DRAFT,DRAFT,DRAFT,DRAFT,,等待儿童内容、媒体和家长审核
char_u7269,DRAFT,DRAFT,DRAFT,DRAFT,,等待儿童内容、媒体和家长审核
char_u8282,DRAFT,DRAFT,DRAFT,DRAFT,,等待儿童内容、媒体和家长审核
char_u9633,DRAFT,DRAFT,DRAFT,DRAFT,,等待儿童内容、媒体和家长审核
char_u4eae,DRAFT,DRAFT,DRAFT,DRAFT,,等待儿童内容、媒体和家长审核
char_u5f69,DRAFT,DRAFT,DRAFT,DRAFT,,等待儿童内容、媒体和家长审核
char_u8679,DRAFT,DRAFT,DRAFT,DRAFT,,等待儿童内容、媒体和家长审核
char_u68ee,DRAFT,DRAFT,DRAFT,DRAFT,,等待儿童内容、媒体和家长审核
char_u6797,DRAFT,DRAFT,DRAFT,DRAFT,,等待儿童内容、媒体和家长审核
char_u539f,DRAFT,DRAFT,DRAFT,DRAFT,,等待儿童内容、媒体和家长审核
char_u516c,DRAFT,DRAFT,DRAFT,DRAFT,,等待儿童内容、媒体和家长审核
char_u56ed,DRAFT,DRAFT,DRAFT,DRAFT,,等待儿童内容、媒体和家长审核
char_u9662,DRAFT,DRAFT,DRAFT,DRAFT,,等待儿童内容、媒体和家长审核
char_u5546,DRAFT,DRAFT,DRAFT,DRAFT,,等待儿童内容、媒体和家长审核
char_u5e97,DRAFT,DRAFT,DRAFT,DRAFT,,等待儿童内容、媒体和家长审核
char_u53a8,DRAFT,DRAFT,DRAFT,DRAFT,,等待儿童内容、媒体和家长审核
char_u5395,DRAFT,DRAFT,DRAFT,DRAFT,,等待儿童内容、媒体和家长审核
char_u6240,DRAFT,DRAFT,DRAFT,DRAFT,,等待儿童内容、媒体和家长审核
char_u95f4,DRAFT,DRAFT,DRAFT,DRAFT,,等待儿童内容、媒体和家长审核
char_u57ce,DRAFT,DRAFT,DRAFT,DRAFT,,等待儿童内容、媒体和家长审核
char_u5e02,DRAFT,DRAFT,DRAFT,DRAFT,,等待儿童内容、媒体和家长审核
char_u4e61,DRAFT,DRAFT,DRAFT,DRAFT,,等待儿童内容、媒体和家长审核
char_u6751,DRAFT,DRAFT,DRAFT,DRAFT,,等待儿童内容、媒体和家长审核
char_u56fd,DRAFT,DRAFT,DRAFT,DRAFT,,等待儿童内容、媒体和家长审核
char_u4e16,DRAFT,DRAFT,DRAFT,DRAFT,,等待儿童内容、媒体和家长审核
char_u754c,DRAFT,DRAFT,DRAFT,DRAFT,,等待儿童内容、媒体和家长审核
char_u6cb3,DRAFT,DRAFT,DRAFT,DRAFT,,等待儿童内容、媒体和家长审核
char_u6d77,DRAFT,DRAFT,DRAFT,DRAFT,,等待儿童内容、媒体和家长审核
char_u6e56,DRAFT,DRAFT,DRAFT,DRAFT,,等待儿童内容、媒体和家长审核
char_u6c5f,DRAFT,DRAFT,DRAFT,DRAFT,,等待儿童内容、媒体和家长审核
char_u5c9b,DRAFT,DRAFT,DRAFT,DRAFT,,等待儿童内容、媒体和家长审核
char_u9986,DRAFT,DRAFT,DRAFT,DRAFT,,等待儿童内容、媒体和家长审核
char_u697c,DRAFT,DRAFT,DRAFT,DRAFT,,等待儿童内容、媒体和家长审核
char_u53f0,DRAFT,DRAFT,DRAFT,DRAFT,,等待儿童内容、媒体和家长审核
char_u9876,DRAFT,DRAFT,DRAFT,DRAFT,,等待儿童内容、媒体和家长审核
char_u89d2,DRAFT,DRAFT,DRAFT,DRAFT,,等待儿童内容、媒体和家长审核
char_u7ebf,DRAFT,DRAFT,DRAFT,DRAFT,,等待儿童内容、媒体和家长审核
char_u9762,DRAFT,DRAFT,DRAFT,DRAFT,,等待儿童内容、媒体和家长审核
char_u8c46,DRAFT,DRAFT,DRAFT,DRAFT,,等待儿童内容、媒体和家长审核
char_u74dc,DRAFT,DRAFT,DRAFT,DRAFT,,等待儿童内容、媒体和家长审核
char_u76d0,DRAFT,DRAFT,DRAFT,DRAFT,,等待儿童内容、媒体和家长审核
char_u7cd6,DRAFT,DRAFT,DRAFT,DRAFT,,等待儿童内容、媒体和家长审核
char_u6cb9,DRAFT,DRAFT,DRAFT,DRAFT,,等待儿童内容、媒体和家长审核
char_u6c64,DRAFT,DRAFT,DRAFT,DRAFT,,等待儿童内容、媒体和家长审核
char_u7ca5,DRAFT,DRAFT,DRAFT,DRAFT,,等待儿童内容、媒体和家长审核
char_u997c,DRAFT,DRAFT,DRAFT,DRAFT,,等待儿童内容、媒体和家长审核
char_u6843,DRAFT,DRAFT,DRAFT,DRAFT,,等待儿童内容、媒体和家长审核
char_u68a8,DRAFT,DRAFT,DRAFT,DRAFT,,等待儿童内容、媒体和家长审核
char_u8549,DRAFT,DRAFT,DRAFT,DRAFT,,等待儿童内容、媒体和家长审核
char_u82bd,DRAFT,DRAFT,DRAFT,DRAFT,,等待儿童内容、媒体和家长审核
char_u82d7,DRAFT,DRAFT,DRAFT,DRAFT,,等待儿童内容、媒体和家长审核
char_u53f6,DRAFT,DRAFT,DRAFT,DRAFT,,等待儿童内容、媒体和家长审核
char_u679d,DRAFT,DRAFT,DRAFT,DRAFT,,等待儿童内容、媒体和家长审核
char_u6839,DRAFT,DRAFT,DRAFT,DRAFT,,等待儿童内容、媒体和家长审核
char_u7cd5,DRAFT,DRAFT,DRAFT,DRAFT,,等待儿童内容、媒体和家长审核
char_u7c89,DRAFT,DRAFT,DRAFT,DRAFT,,等待儿童内容、媒体和家长审核
char_u4e38,DRAFT,DRAFT,DRAFT,DRAFT,,等待儿童内容、媒体和家长审核
char_u88e4,DRAFT,DRAFT,DRAFT,DRAFT,,等待儿童内容、媒体和家长审核
